marcaid,marcaimgnombre,marcaimgnombrebucket
"1","leonardomarca1","1777052445839-919168.jpg"
"2","CONCYSA","1777037189432-descarga.jpg"
"3","INRELY","1776970517102-images.png"
"4","FORTALY","1777041143207-descarga (1).jpg"
"5","FAMA","1777043105782-images.png"
"6","TREBOL","1777050860092-descarga (1).jpg"
"7","CYA","null"
"8","ONE","null"
"9","PALANCA","null"
"10","ZONAL","null"
"11","TRUPER","null"
"12","HUNDAI","null"
"13","ECONOMICO","null"
"14","LOGAREX","null"
"15","NICOLL PREMIUM","null"
"16","VALMAX","null"
"17","MEGALUZ","null"
"18","REMA","null"
"19","BRAVO","null"
"20","KAMASA","null"
"21","MTV","null"
"22","VALCA","null"
"23","APACHE","null"
"24","UYUSTOOLS","null"
"25","NACIONAL","null"
"26","TOLSEN","null"
"27","PRETUL","null"
"28","ASAKI","null"
"29","RUMI","null"
"30","ORIENTAL","null"
"31","TOTAL","null"
"32","CATERPILLAR","null"
"33","DECKER","null"
"34","CAT","null"
"35","DEWALT","null"
"36","CROWN","null"
"37","BLACK DECKER","null"
"38","COOFIX","null"
"39","INCCO","null"
"40","NICOLL","null"
"41","MAGNUM","null"
"42","HONDA","null"
"43","SIKA","null"
"44","CATALEYA","null"
"45","PAREDPLAST","null"
"46","BRUXSS","null"
"47","KARPIX","null"
"48","BLACKDECKER","null"
"49","DELTA","null"
"50","SCHUBERT","null"
"51","EUROTOOLS","null"
"52","CO-ME","null"
"53","ANDINO","null"
"54","OPALUX","null"
"55","CORETO","null"
"56","HIPOCAMPO","null"
"57","VERCORP","null"
"58","TEKNO","null"
"59","PARACAS","null"
"60","EUROCOLOR","null"
"61","FOX","null"
"62","CPP","null"
"63","ETERNIT","null"
"64","HERMEX","null"
"65","PARALLEL","null"
"66","RHOMBUS","null"
"67","VELAM","null"
"68","VENUS","null"
"69","ITALY","null"
"70","HARDMAN","null"
"71","MEISSNER","null"
"72","TOOLCRAFT","null"
"73","AWG","null"
"74","GOTZE","null"
"75","BROCKER","null"
"76","BOHREN","null"
"77","HARDEN","null"
"78","TITAN","null"
"79","CASCO","null"
"80","BREMEN","null"
"81","MAKITA","null"
"82","ASKI","null"
"83","CONCRETO","null"
"84","TUMI","null"
"85","CERTAPACK","null"
"86","PROFIELD","null"
"87","CELAPSA USA","null"
"88","INDECO","null"
"89","CELECSA","null"
"90","OREGON","null"
"91","CONCYSSA","null"
"92","OROPLAST","null"
"93","FLYING","null"
"94","APG","null"
"95","REMSA","null"
"96","SOBREPONER","null"
"97","MEGANS","null"
"98","STRONGER","null"
"99","GENERAL","null"
"100","LIGHT","null"
"101","PASO","null"
"102","ACEROS AREQUIPA","null"
"103","AREQUIPA","null"
"104","ALUZING","null"
"105","GALVANIZADA","null"
"106","ANYERO","null"
"107","GRANT","null"
"108","FIBRAFORTE","null"
"109","TECHITO","null"
"110","TAPA","null"
"111","PAREDMETAL","null"
"112","PAOX","null"
"113","WING´S","null"
"114","DONGYA","null"
"115","GUASUO","null"
"116","CQC","null"
"117","LUJOS","null"
"118","TRI-COIKUR","null"
"119","COIKUR","null"
"120","ANDICORP","null"
"121","IMPORTADO","null"
"122","VITALE","null"
"123","FORTE","null"
"124","FRENCIA","null"
"125","LIVIANO","null"
"126","PESADO","null"
"127","GRAZIA","null"
"128","C&A","null"
"129","RAYMA","null"
"130","VENICE","null"
"131","LIMBICO","null"
"132","KROSS","null"
"133","VENITALY","null"
"134","AVANTI","null"
"135","BOSCH","null"
"136","KAMALY","null"
"137","PARACASA","null"
"138","SUSANCAR","null"
"139","APU","null"
"140","ELECTRO CEM","null"
"141","HOLCIM","null"
"142","INKA","null"
"143","KLARA","null"
"144","MAXBRIL","null"
"145","MR WAX","null"
"146","AKLARI","null"
"147","MAX BRIL","null"
"148","MAX BRILL","null"
"149","SANSON","null"
"150","RFX","null"
"151","PANOPLY","null"
"152","YANES","null"
"153","CANTOL","null"
"154","PIALLI","null"
"155","PARMA","null"
"156","LGO","null"
"157","PHELIX","null"
"158","FOR PERU","null"
"159","KAMAZAKI","null"
"160","DENACET","null"
"161","TRAVEX","null"
"162","CHEMA","null"
"163","CHEMMER","null"
"164","TEKBOND","null"
"165","3M","null"
"166","ASA FLEX","null"
"167","MAXTOOL","null"
"168","PANDA","null"
"169","GYPLAC","null"
"170","CUBULL","null"
"171","KINTI","null"
"172","PEGAFAN","null"
"173","SUPER TEFI","null"
"174","FULGURE","null"
"175","DEACERO","null"
"176","INYECTOPLAST","null"
"177","TOBOPLAST","null"
"178","TIEMME","null"
"179","VELSALIT","null"
"180","ARQUERITO","null"
"181","FIJI","null"
"182","BTICINO","null"
"183","SCHNEIDER","null"
"184","STRONGLIGHT","null"
"185","TECTUM","null"
"186","PARED PLAST","null"
"187","Z ADITIVOS","null"
"188","PAVCO","null"
"189","FORMENTAL","null"
"190","ZACALY","null"
"191","SIN MARCA","null"
"192","PORTIZA","null"
"193","PIALI","null"
"194","HEFESTO","null"
"195","NORTON","null"
"196","GONTI","null"
"197","KAIFEN","null"
"198","METAL NOX","null"
"199","KAILI","null"
"200","ICCO","null"
"201","WINGS","null"
"202","BIRCKER","null"
"203","INKATOOLS","null"
"204","BESTTOOLS","null"
"205","SENSOR","null"
"206","BRIMIX","null"
"207","TASCON","null"
"208","ADRIVAL","null"
"209","VAINSA","null"
"210","BOTTS","null"
"211","PEDROLLO","null"
"212","CELLOCOR","null"
"213","INDURA","null"
"214","OERLIKON","null"
"215","HOGAREÑA","null"
"216","LORITO","null"
"217","CORRIENE","null"
"218","FORZA","null"
"219","HOME LIGHT","null"
"220","CASTIL","null"
"221","EUROLITE","null"
"222","KAYFEN","null"
"223","BRAYXA","null"
"224","SIDER","null"
"225","DE ACERO","null"
"226","ULIX","null"
"227","WAILEC","null"
"228","ASHUN","null"
"229","OSRAM","null"
"230","BROOK","null"
"231","AMBAR","null"
"232","HOMEDA","null"
"233","ADEX","null"
"234","CELIMA","null"
"235","VERDE","null"
"236","ZAFIRA","null"
"237","TRAMONTINA","null"
"238","ELECTRO GEL","null"
"239","CABLE CLIP","null"
"240","TIGRE","null"
"241","SEGPRO","null"
"242","DURANT","null"
"243","TROTEX","null"
"244","GUANTE","null"
"245","SUNLEC","null"
"246","DAEWOO","null"
"247","SANDFLEX","null"
"248","PARED METAL","null"
"249","ITALGRIFT","null"
"250","SANIFLOR","null"
"251","SAPOLIO","null"
"252","DRYWALL","null"
"253","EUROLUZ","null"
"254","DIFESA","null"
"255","LAROMIX","null"
"256","HOMELIGHT","null"
"257","ABATRON","null"
"258","FRESH","null"
"259","STANLEY","null"
"260","DKTOOLS","null"
"261","FV","null"
"262","MILANO","null"
"263","METUZA","null"
"264","FRATELLI","null"
"265","CERAMICO","null"
"266","PIRAMIDE","null"
"267","HERCULES","null"
"268","SAGITARIO","null"
"269","STAR","null"
"270","ARTESANAL","null"
"271","LARK","null"
"272","FAST","null"
"273","MONACO","null"
"274","DANIELLE","null"
"275","RECORD","null"
"276","DELVOX","null"
"277","BOCCO","null"
"278","FLORIDA","null"
"279","TECSEG","null"
"280","ASA","null"
"281","ABRACOL","null"
"282","NICHOLSON","null"
"283","WEBER","null"
"284","MOTION","null"
"285","CAFINI","null"
"286","MADEZZA","null"
"287","SMESA","null"
"288","PETRUL","null"
"289","ERA","null"
"290","ROSSI","null"
"291","C-ITALY","null"
"292","ROSCAR","null"
"293","METUSA","null"
"294","RUBINETO","null"
"295","AULEKTRO","null"
"296","GAVILAN","null"
"297","TOOLGRAFT","null"
"298","PRODAC","null"
"299","COFLEX","null"
"300","ECOFLEX","null"
"301","SDS- PLUS","null"
"302","ECOFIX","null"
"303","SAN LORENZO","null"
"304","TWYFORD","null"
"305","SAN MARTIN","null"
"306","AMERICA","null"
"307","ELIGTH","null"
"308","MOLDIMIX","null"
"309","JIN","null"
"310","BAYEROXIDE","null"
"311","BAYER","null"
"312","PROVER","null"
"313","AGUILA","null"
"314","VELITA","null"
"315","STRONG","null"
"316","TOP LIGHT","null"
"317","BESTLUX","null"
"318","SELFI","null"
"319","SOLDIMIX","null"
"320","TUBOLEX","null"
"321","TUBOTEY","null"
"322","BAILEY","null"
"323","CHEMITA","null"
"324","PEGATEY","null"
"325","OATEY","null"
"326","PEGATON","null"
"327","PGX","null"
"328","CHEMAYOLIC","null"
"329","PERCHERO","null"
"330","ROTOPLAST","null"
"331","SUPERPLAST","null"
"332","SPACK","null"
"333","ULTRACRAFT","null"
"334","POWER","null"
"335","PATO","null"
"336","ANYPSA","null"
"337","TAMSA","null"
"338","COFFIX","null"
"339","KHOPER","null"
"340","COME","null"
"341","GOMA","null"
"342","KASTO","null"
"343","ABRAHAM","null"
"344","BLANCA NAVIA","null"
"345","YOHAD","null"
"346","LIGH","null"
"347","AKLARY","null"
"348","TORO","null"
"349","COPERSA","null"
"350","FLASH","null"
"351","BELLOTA","null"
"352","BAHCO","null"
"353","VARIOS","null"
"354","KNAUF","null"
"355","OVERLINE","null"
"356","SIKAFLEX","null"
"357","SIKASIL","null"
"358","SOLDIFLEX","null"
"359","TAIWAN","null"
"360","BREIKER","null"
"361","CABATRON","null"
"362","SUPER GLUE","null"
"363","SUPERCITO","null"
"364","CONDUBLEX","null"
"365","CHASQUI","null"
"366","ROSCA","null"
"367","ETSA","null"
"368","DIPROPOR","null"
"369","MAGNUN","null"
"370","AFRICANO","null"
"371","MAXITO","null"
"372","CAIMAN","null"
"373","TINMANS SNIPS","null"
"374","KAMTOOLS","null"
"375","GLUCOM","null"
"376","LOSARO","null"
"377","COLORES","null"
"378","ROMA","null"
"379","OPTAY","null"
"380","SPLENDIA","null"
"381","ALFA","null"
"382","FEMETAL","null"
"383","TRAMPER","null"
"384","ITALPLASTICS","null"
"385","ECOBUILD","null"
"386","TIGER PLUS","null"
"387","LUPUNA","null"
"388","CAPIRUNY","null"
"389","VENNVER","null"
"390","CAPINURY","null"
"391","VENNER","null"
"392","PINO","null"
"393","V PLAST","null"
"394","SANTA ROSA","null"
"395","TUBOPLAST","null"
"396","SANTO DOMINGO","null"
"397","TUBOCON","null"
"398","PLASTIDUCTO","null"
"399","R & A ECOPLAST","null"
"400","CITALY","null"
"401","RECTO FP","null"
"402","TEMME","null"
"403","FP","null"
"404","KROOS","null"
"405","CHENDUN","null"
"406","GIANT","null"
"407","QQQ","null"
"408","NYLON","null"
"409","WINFLEX","null"
"410","FLEXIBLEC","null"
"411","PSX","null"
"412","leonardoMarca","marca_1776463182863.webp"
"413","leonardomarca","marca_1776463285028.webp"
"415","leonardo","marca_1776692623109.webp"
"416","cemex","marca_1776785764993.webp"
"417","q","marca_1776786225750.webp"
"418","karol","marca_1776971123450.webp"
"420","GENERICO","null"
"421","marcaMiel","marca_1777064314247.webp"
"422","ascacs","marca_1777395685490.webp"
"423","1","marca_1777396043370.webp"